meetbereik(hw50),f1(cm),f2(cm),r_d(um),offset(mm),sens(/mm),linear_range(mm)
1 mm,2.0,2.0,666.044,1.35956,0.984719,6.39008
1 mm,2.0,2.5,532.835,2.12431,0.984719,6.39008
1 mm,2.0,3.0,444.029,3.059,0.984719,6.39008
1 mm,2.0,3.5,380.596,4.16364,0.984719,6.39008
1 mm,2.0,4.0,333.022,5.43822,0.984719,6.39008
1 mm,2.0,4.5,296.019,6.88275,0.984719,6.39008
1 mm,2.0,5.0,266.417,8.49722,0.984719,6.39008
1 mm,2.0,5.5,242.198,10.2816,0.984719,6.39008
1 mm,2.0,6.0,222.015,12.236,0.984719,6.39008
1 mm,2.0,6.5,204.937,14.3603,0.984719,6.39008
1 mm,2.0,7.0,190.298,16.6546,0.984719,6.39008
1 mm,2.0,7.5,177.612,19.1188,0.984719,6.39008
1 mm,2.0,8.0,166.511,21.7529,0.984719,6.39008
1 mm,2.0,8.5,156.716,24.557,0.984719,6.39008
1 mm,2.0,9.0,148.01,27.531,0.984719,6.39008
1 mm,2.0,9.5,140.22,30.675,0.984719,6.39008
1 mm,2.0,10.0,133.209,33.9889,0.984719,6.39008
1 mm,2.0,10.5,126.865,37.4728,0.984719,6.39008
1 mm,2.0,11.0,121.099,41.1266,0.984719,6.39008
1 mm,2.0,11.5,115.834,44.9503,0.984719,6.39008
1 mm,2.0,12.0,111.007,48.944,0.984719,6.39008
1 mm,2.0,12.5,106.567,53.1077,0.984719,6.39008
1 mm,2.0,13.0,102.468,57.4412,0.984719,6.39008
1 mm,2.0,13.5,98.6731,61.9448,0.984719,6.39008
1 mm,2.0,14.0,95.1491,66.6182,0.984719,6.39008
1 mm,2.0,14.5,91.8681,71.4617,0.984719,6.39008
1 mm,2.0,15.0,88.8058,76.475,0.984719,6.39008
1 mm,2.5,2.0,666.044,0.870116,0.984719,6.39008
1 mm,2.5,2.5,532.835,1.35956,0.984719,6.39008
1 mm,2.5,3.0,444.029,1.95776,0.984719,6.39008
1 mm,2.5,3.5,380.596,2.66473,0.984719,6.39008
1 mm,2.5,4.0,333.022,3.48046,0.984719,6.39008
1 mm,2.5,4.5,296.019,4.40496,0.984719,6.39008
1 mm,2.5,5.0,266.417,5.43822,0.984719,6.39008
1 mm,2.5,5.5,242.198,6.58025,0.984719,6.39008
1 mm,2.5,6.0,222.015,7.83104,0.984719,6.39008
1 mm,2.5,6.5,204.937,9.1906,0.984719,6.39008
1 mm,2.5,7.0,190.298,10.6589,0.984719,6.39008
1 mm,2.5,7.5,177.612,12.236,0.984719,6.39008
1 mm,2.5,8.0,166.511,13.9219,0.984719,6.39008
1 mm,2.5,8.5,156.716,15.7165,0.984719,6.39008
1 mm,2.5,9.0,148.01,17.6198,0.984719,6.39008
1 mm,2.5,9.5,140.22,19.632,0.984719,6.39008
1 mm,2.5,10.0,133.209,21.7529,0.984719,6.39008
1 mm,2.5,10.5,126.865,23.9826,0.984719,6.39008
1 mm,2.5,11.0,121.099,26.321,0.984719,6.39008
1 mm,2.5,11.5,115.834,28.7682,0.984719,6.39008
1 mm,2.5,12.0,111.007,31.3242,0.984719,6.39008
1 mm,2.5,12.5,106.567,33.9889,0.984719,6.39008
1 mm,2.5,13.0,102.468,36.7624,0.984719,6.39008
1 mm,2.5,13.5,98.6731,39.6447,0.984719,6.39008
1 mm,2.5,14.0,95.1491,42.6357,0.984719,6.39008
1 mm,2.5,14.5,91.8681,45.7355,0.984719,6.39008
1 mm,2.5,15.0,88.8058,48.944,0.984719,6.39008
1 mm,3.0,2.0,666.044,0.604247,0.984719,6.39008
1 mm,3.0,2.5,532.835,0.944136,0.984719,6.39008
1 mm,3.0,3.0,444.029,1.35956,0.984719,6.39008
1 mm,3.0,3.5,380.596,1.85051,0.984719,6.39008
1 mm,3.0,4.0,333.022,2.41699,0.984719,6.39008
1 mm,3.0,4.5,296.019,3.059,0.984719,6.39008
1 mm,3.0,5.0,266.417,3.77654,0.984719,6.39008
1 mm,3.0,5.5,242.198,4.56962,0.984719,6.39008
1 mm,3.0,6.0,222.015,5.43822,0.984719,6.39008
1 mm,3.0,6.5,204.937,6.38236,0.984719,6.39008
1 mm,3.0,7.0,190.298,7.40203,0.984719,6.39008
1 mm,3.0,7.5,177.612,8.49722,0.984719,6.39008
1 mm,3.0,8.0,166.511,9.66795,0.984719,6.39008
1 mm,3.0,8.5,156.716,10.9142,0.984719,6.39008
1 mm,3.0,9.0,148.01,12.236,0.984719,6.39008
1 mm,3.0,9.5,140.22,13.6333,0.984719,6.39008
1 mm,3.0,10.0,133.209,15.1062,0.984719,6.39008
1 mm,3.0,10.5,126.865,16.6546,0.984719,6.39008
1 mm,3.0,11.0,121.099,18.2785,0.984719,6.39008
1 mm,3.0,11.5,115.834,19.9779,0.984719,6.39008
1 mm,3.0,12.0,111.007,21.7529,0.984719,6.39008
1 mm,3.0,12.5,106.567,23.6034,0.984719,6.39008
1 mm,3.0,13.0,102.468,25.5294,0.984719,6.39008
1 mm,3.0,13.5,98.6731,27.531,0.984719,6.39008
1 mm,3.0,14.0,95.1491,29.6081,0.984719,6.39008
1 mm,3.0,14.5,91.8681,31.7607,0.984719,6.39008
1 mm,3.0,15.0,88.8058,33.9889,0.984719,6.39008
1 mm,3.5,2.0,666.044,0.443937,0.984719,6.39008
1 mm,3.5,2.5,532.835,0.693651,0.984719,6.39008
1 mm,3.5,3.0,444.029,0.998857,0.984719,6.39008
1 mm,3.5,3.5,380.596,1.35956,0.984719,6.39008
1 mm,3.5,4.0,333.022,1.77575,0.984719,6.39008
1 mm,3.5,4.5,296.019,2.24743,0.984719,6.39008
1 mm,3.5,5.0,266.417,2.7746,0.984719,6.39008
1 mm,3.5,5.5,242.198,3.35727,0.984719,6.39008
1 mm,3.5,6.0,222.015,3.99543,0.984719,6.39008
1 mm,3.5,6.5,204.937,4.68908,0.984719,6.39008
1 mm,3.5,7.0,190.298,5.43822,0.984719,6.39008
1 mm,3.5,7.5,177.612,6.24286,0.984719,6.39008
1 mm,3.5,8.0,166.511,7.10299,0.984719,6.39008
1 mm,3.5,8.5,156.716,8.01861,0.984719,6.39008
1 mm,3.5,9.0,148.01,8.98972,0.984719,6.39008
1 mm,3.5,9.5,140.22,10.0163,0.984719,6.39008
1 mm,3.5,10.0,133.209,11.0984,0.984719,6.39008
1 mm,3.5,10.5,126.865,12.236,0.984719,6.39008
1 mm,3.5,11.0,121.099,13.4291,0.984719,6.39008
1 mm,3.5,11.5,115.834,14.6777,0.984719,6.39008
1 mm,3.5,12.0,111.007,15.9817,0.984719,6.39008
1 mm,3.5,12.5,106.567,17.3413,0.984719,6.39008
1 mm,3.5,13.0,102.468,18.7563,0.984719,6.39008
1 mm,3.5,13.5,98.6731,20.2269,0.984719,6.39008
1 mm,3.5,14.0,95.1491,21.7529,0.984719,6.39008
1 mm,3.5,14.5,91.8681,23.3344,0.984719,6.39008
1 mm,3.5,15.0,88.8058,24.9714,0.984719,6.39008
1 mm,4.0,2.0,666.044,0.339889,0.984719,6.39008
1 mm,4.0,2.5,532.835,0.531077,0.984719,6.39008
1 mm,4.0,3.0,444.029,0.76475,0.984719,6.39008
1 mm,4.0,3.5,380.596,1.04091,0.984719,6.39008
1 mm,4.0,4.0,333.022,1.35956,0.984719,6.39008
1 mm,4.0,4.5,296.019,1.72069,0.984719,6.39008
1 mm,4.0,5.0,266.417,2.12431,0.984719,6.39008
1 mm,4.0,5.5,242.198,2.57041,0.984719,6.39008
1 mm,4.0,6.0,222.015,3.059,0.984719,6.39008
1 mm,4.0,6.5,204.937,3.59008,0.984719,6.39008
1 mm,4.0,7.0,190.298,4.16364,0.984719,6.39008
1 mm,4.0,7.5,177.612,4.77969,0.984719,6.39008
1 mm,4.0,8.0,166.511,5.43822,0.984719,6.39008
1 mm,4.0,8.5,156.716,6.13925,0.984719,6.39008
1 mm,4.0,9.0,148.01,6.88275,0.984719,6.39008
1 mm,4.0,9.5,140.22,7.66875,0.984719,6.39008
1 mm,4.0,10.0,133.209,8.49722,0.984719,6.39008
1 mm,4.0,10.5,126.865,9.36819,0.984719,6.39008
1 mm,4.0,11.0,121.099,10.2816,0.984719,6.39008
1 mm,4.0,11.5,115.834,11.2376,0.984719,6.39008
1 mm,4.0,12.0,111.007,12.236,0.984719,6.39008
1 mm,4.0,12.5,106.567,13.2769,0.984719,6.39008
1 mm,4.0,13.0,102.468,14.3603,0.984719,6.39008
1 mm,4.0,13.5,98.6731,15.4862,0.984719,6.39008
1 mm,4.0,14.0,95.1491,16.6546,0.984719,6.39008
1 mm,4.0,14.5,91.8681,17.8654,0.984719,6.39008
1 mm,4.0,15.0,88.8058,19.1188,0.984719,6.39008
1 mm,4.5,2.0,666.044,0.268554,0.984719,6.39008
1 mm,4.5,2.5,532.835,0.419616,0.984719,6.39008
1 mm,4.5,3.0,444.029,0.604247,0.984719,6.39008
1 mm,4.5,3.5,380.596,0.822447,0.984719,6.39008
1 mm,4.5,4.0,333.022,1.07422,0.984719,6.39008
1 mm,4.5,4.5,296.019,1.35956,0.984719,6.39008
1 mm,4.5,5.0,266.417,1.67846,0.984719,6.39008
1 mm,4.5,5.5,242.198,2.03094,0.984719,6.39008
1 mm,4.5,6.0,222.015,2.41699,0.984719,6.39008
1 mm,4.5,6.5,204.937,2.8366,0.984719,6.39008
1 mm,4.5,7.0,190.298,3.28979,0.984719,6.39008
1 mm,4.5,7.5,177.612,3.77654,0.984719,6.39008
1 mm,4.5,8.0,166.511,4.29687,0.984719,6.39008
1 mm,4.5,8.5,156.716,4.85076,0.984719,6.39008
1 mm,4.5,9.0,148.01,5.43822,0.984719,6.39008
1 mm,4.5,9.5,140.22,6.05926,0.984719,6.39008
1 mm,4.5,10.0,133.209,6.71386,0.984719,6.39008
1 mm,4.5,10.5,126.865,7.40203,0.984719,6.39008
1 mm,4.5,11.0,121.099,8.12377,0.984719,6.39008
1 mm,4.5,11.5,115.834,8.87908,0.984719,6.39008
1 mm,4.5,12.0,111.007,9.66795,0.984719,6.39008
1 mm,4.5,12.5,106.567,10.4904,0.984719,6.39008
1 mm,4.5,13.0,102.468,11.3464,0.984719,6.39008
1 mm,4.5,13.5,98.6731,12.236,0.984719,6.39008
1 mm,4.5,14.0,95.1491,13.1592,0.984719,6.39008
1 mm,4.5,14.5,91.8681,14.1159,0.984719,6.39008
1 mm,4.5,15.0,88.8058,15.1062,0.984719,6.39008
1 mm,5.0,2.0,666.044,0.217529,0.984719,6.39008
1 mm,5.0,2.5,532.835,0.339889,0.984719,6.39008
1 mm,5.0,3.0,444.029,0.48944,0.984719,6.39008
1 mm,5.0,3.5,380.596,0.666182,0.984719,6.39008
1 mm,5.0,4.0,333.022,0.870116,0.984719,6.39008
1 mm,5.0,4.5,296.019,1.10124,0.984719,6.39008
1 mm,5.0,5.0,266.417,1.35956,0.984719,6.39008
1 mm,5.0,5.5,242.198,1.64506,0.984719,6.39008
1 mm,5.0,6.0,222.015,1.95776,0.984719,6.39008
1 mm,5.0,6.5,204.937,2.29765,0.984719,6.39008
1 mm,5.0,7.0,190.298,2.66473,0.984719,6.39008
1 mm,5.0,7.5,177.612,3.059,0.984719,6.39008
1 mm,5.0,8.0,166.511,3.48046,0.984719,6.39008
1 mm,5.0,8.5,156.716,3.92912,0.984719,6.39008
1 mm,5.0,9.0,148.01,4.40496,0.984719,6.39008
1 mm,5.0,9.5,140.22,4.908,0.984719,6.39008
1 mm,5.0,10.0,133.209,5.43822,0.984719,6.39008
1 mm,5.0,10.5,126.865,5.99564,0.984719,6.39008
1 mm,5.0,11.0,121.099,6.58025,0.984719,6.39008
1 mm,5.0,11.5,115.834,7.19205,0.984719,6.39008
1 mm,5.0,12.0,111.007,7.83104,0.984719,6.39008
1 mm,5.0,12.5,106.567,8.49722,0.984719,6.39008
1 mm,5.0,13.0,102.468,9.1906,0.984719,6.39008
1 mm,5.0,13.5,98.6731,9.91116,0.984719,6.39008
1 mm,5.0,14.0,95.1491,10.6589,0.984719,6.39008
1 mm,5.0,14.5,91.8681,11.4339,0.984719,6.39008
1 mm,5.0,15.0,88.8058,12.236,0.984719,6.39008
1 mm,5.5,2.0,666.044,0.179776,0.984719,6.39008
1 mm,5.5,2.5,532.835,0.2809,0.984719,6.39008
1 mm,5.5,3.0,444.029,0.404496,0.984719,6.39008
1 mm,5.5,3.5,380.596,0.550564,0.984719,6.39008
1 mm,5.5,4.0,333.022,0.719104,0.984719,6.39008
1 mm,5.5,4.5,296.019,0.910116,0.984719,6.39008
1 mm,5.5,5.0,266.417,1.1236,0.984719,6.39008
1 mm,5.5,5.5,242.198,1.35956,0.984719,6.39008
1 mm,5.5,6.0,222.015,1.61798,0.984719,6.39008
1 mm,5.5,6.5,204.937,1.89888,0.984719,6.39008
1 mm,5.5,7.0,190.298,2.20226,0.984719,6.39008
1 mm,5.5,7.5,177.612,2.5281,0.984719,6.39008
1 mm,5.5,8.0,166.511,2.87642,0.984719,6.39008
1 mm,5.5,8.5,156.716,3.2472,0.984719,6.39008
1 mm,5.5,9.0,148.01,3.64046,0.984719,6.39008
1 mm,5.5,9.5,140.22,4.0562,0.984719,6.39008
1 mm,5.5,10.0,133.209,4.4944,0.984719,6.39008
1 mm,5.5,10.5,126.865,4.95508,0.984719,6.39008
1 mm,5.5,11.0,121.099,5.43822,0.984719,6.39008
1 mm,5.5,11.5,115.834,5.94384,0.984719,6.39008
1 mm,5.5,12.0,111.007,6.47194,0.984719,6.39008
1 mm,5.5,12.5,106.567,7.0225,0.984719,6.39008
1 mm,5.5,13.0,102.468,7.59554,0.984719,6.39008
1 mm,5.5,13.5,98.6731,8.19104,0.984719,6.39008
1 mm,5.5,14.0,95.1491,8.80902,0.984719,6.39008
1 mm,5.5,14.5,91.8681,9.44948,0.984719,6.39008
1 mm,5.5,15.0,88.8058,10.1124,0.984719,6.39008
1 mm,6.0,2.0,666.044,0.151062,0.984719,6.39008
1 mm,6.0,2.5,532.835,0.236034,0.984719,6.39008
1 mm,6.0,3.0,444.029,0.339889,0.984719,6.39008
1 mm,6.0,3.5,380.596,0.462627,0.984719,6.39008
1 mm,6.0,4.0,333.022,0.604247,0.984719,6.39008
1 mm,6.0,4.5,296.019,0.76475,0.984719,6.39008
1 mm,6.0,5.0,266.417,0.944136,0.984719,6.39008
1 mm,6.0,5.5,242.198,1.1424,0.984719,6.39008
1 mm,6.0,6.0,222.015,1.35956,0.984719,6.39008
1 mm,6.0,6.5,204.937,1.59559,0.984719,6.39008
1 mm,6.0,7.0,190.298,1.85051,0.984719,6.39008
1 mm,6.0,7.5,177.612,2.12431,0.984719,6.39008
1 mm,6.0,8.0,166.511,2.41699,0.984719,6.39008
1 mm,6.0,8.5,156.716,2.72855,0.984719,6.39008
1 mm,6.0,9.0,148.01,3.059,0.984719,6.39008
1 mm,6.0,9.5,140.22,3.40833,0.984719,6.39008
1 mm,6.0,10.0,133.209,3.77654,0.984719,6.39008
1 mm,6.0,10.5,126.865,4.16364,0.984719,6.39008
1 mm,6.0,11.0,121.099,4.56962,0.984719,6.39008
1 mm,6.0,11.5,115.834,4.99448,0.984719,6.39008
1 mm,6.0,12.0,111.007,5.43822,0.984719,6.39008
1 mm,6.0,12.5,106.567,5.90085,0.984719,6.39008
1 mm,6.0,13.0,102.468,6.38236,0.984719,6.39008
1 mm,6.0,13.5,98.6731,6.88275,0.984719,6.39008
1 mm,6.0,14.0,95.1491,7.40203,0.984719,6.39008
1 mm,6.0,14.5,91.8681,7.94018,0.984719,6.39008
1 mm,6.0,15.0,88.8058,8.49722,0.984719,6.39008
1 mm,6.5,2.0,666.044,0.128715,0.984719,6.39008
1 mm,6.5,2.5,532.835,0.201118,0.984719,6.39008
1 mm,6.5,3.0,444.029,0.28961,0.984719,6.39008
1 mm,6.5,3.5,380.596,0.394191,0.984719,6.39008
1 mm,6.5,4.0,333.022,0.514861,0.984719,6.39008
1 mm,6.5,4.5,296.019,0.651622,0.984719,6.39008
1 mm,6.5,5.0,266.417,0.804471,0.984719,6.39008
1 mm,6.5,5.5,242.198,0.97341,0.984719,6.39008
1 mm,6.5,6.0,222.015,1.15844,0.984719,6.39008
1 mm,6.5,6.5,204.937,1.35956,0.984719,6.39008
1 mm,6.5,7.0,190.298,1.57676,0.984719,6.39008
1 mm,6.5,7.5,177.612,1.81006,0.984719,6.39008
1 mm,6.5,8.0,166.511,2.05945,0.984719,6.39008
1 mm,6.5,8.5,156.716,2.32492,0.984719,6.39008
1 mm,6.5,9.0,148.01,2.60649,0.984719,6.39008
1 mm,6.5,9.5,140.22,2.90414,0.984719,6.39008
1 mm,6.5,10.0,133.209,3.21788,0.984719,6.39008
1 mm,6.5,10.5,126.865,3.54772,0.984719,6.39008
1 mm,6.5,11.0,121.099,3.89364,0.984719,6.39008
1 mm,6.5,11.5,115.834,4.25565,0.984719,6.39008
1 mm,6.5,12.0,111.007,4.63375,0.984719,6.39008
1 mm,6.5,12.5,106.567,5.02794,0.984719,6.39008
1 mm,6.5,13.0,102.468,5.43822,0.984719,6.39008
1 mm,6.5,13.5,98.6731,5.86459,0.984719,6.39008
1 mm,6.5,14.0,95.1491,6.30705,0.984719,6.39008
1 mm,6.5,14.5,91.8681,6.7656,0.984719,6.39008
1 mm,6.5,15.0,88.8058,7.24024,0.984719,6.39008
1 mm,7.0,2.0,666.044,0.110984,0.984719,6.39008
1 mm,7.0,2.5,532.835,0.173413,0.984719,6.39008
1 mm,7.0,3.0,444.029,0.249714,0.984719,6.39008
1 mm,7.0,3.5,380.596,0.339889,0.984719,6.39008
1 mm,7.0,4.0,333.022,0.443937,0.984719,6.39008
1 mm,7.0,4.5,296.019,0.561857,0.984719,6.39008
1 mm,7.0,5.0,266.417,0.693651,0.984719,6.39008
1 mm,7.0,5.5,242.198,0.839318,0.984719,6.39008
1 mm,7.0,6.0,222.015,0.998857,0.984719,6.39008
1 mm,7.0,6.5,204.937,1.17227,0.984719,6.39008
1 mm,7.0,7.0,190.298,1.35956,0.984719,6.39008
1 mm,7.0,7.5,177.612,1.56071,0.984719,6.39008
1 mm,7.0,8.0,166.511,1.77575,0.984719,6.39008
1 mm,7.0,8.5,156.716,2.00465,0.984719,6.39008
1 mm,7.0,9.0,148.01,2.24743,0.984719,6.39008
1 mm,7.0,9.5,140.22,2.50408,0.984719,6.39008
1 mm,7.0,10.0,133.209,2.7746,0.984719,6.39008
1 mm,7.0,10.5,126.865,3.059,0.984719,6.39008
1 mm,7.0,11.0,121.099,3.35727,0.984719,6.39008
1 mm,7.0,11.5,115.834,3.66941,0.984719,6.39008
1 mm,7.0,12.0,111.007,3.99543,0.984719,6.39008
1 mm,7.0,12.5,106.567,4.33532,0.984719,6.39008
1 mm,7.0,13.0,102.468,4.68908,0.984719,6.39008
1 mm,7.0,13.5,98.6731,5.05672,0.984719,6.39008
1 mm,7.0,14.0,95.1491,5.43822,0.984719,6.39008
1 mm,7.0,14.5,91.8681,5.83361,0.984719,6.39008
1 mm,7.0,15.0,88.8058,6.24286,0.984719,6.39008
1 mm,7.5,2.0,666.044,0.0966795,0.984719,6.39008
1 mm,7.5,2.5,532.835,0.151062,0.984719,6.39008
1 mm,7.5,3.0,444.029,0.217529,0.984719,6.39008
1 mm,7.5,3.5,380.596,0.296081,0.984719,6.39008
1 mm,7.5,4.0,333.022,0.386718,0.984719,6.39008
1 mm,7.5,4.5,296.019,0.48944,0.984719,6.39008
1 mm,7.5,5.0,266.417,0.604247,0.984719,6.39008
1 mm,7.5,5.5,242.198,0.731139,0.984719,6.39008
1 mm,7.5,6.0,222.015,0.870116,0.984719,6.39008
1 mm,7.5,6.5,204.937,1.02118,0.984719,6.39008
1 mm,7.5,7.0,190.298,1.18432,0.984719,6.39008
1 mm,7.5,7.5,177.612,1.35956,0.984719,6.39008
1 mm,7.5,8.0,166.511,1.54687,0.984719,6.39008
1 mm,7.5,8.5,156.716,1.74627,0.984719,6.39008
1 mm,7.5,9.0,148.01,1.95776,0.984719,6.39008
1 mm,7.5,9.5,140.22,2.18133,0.984719,6.39008
1 mm,7.5,10.0,133.209,2.41699,0.984719,6.39008
1 mm,7.5,10.5,126.865,2.66473,0.984719,6.39008
1 mm,7.5,11.0,121.099,2.92456,0.984719,6.39008
1 mm,7.5,11.5,115.834,3.19647,0.984719,6.39008
1 mm,7.5,12.0,111.007,3.48046,0.984719,6.39008
1 mm,7.5,12.5,106.567,3.77654,0.984719,6.39008
1 mm,7.5,13.0,102.468,4.08471,0.984719,6.39008
1 mm,7.5,13.5,98.6731,4.40496,0.984719,6.39008
1 mm,7.5,14.0,95.1491,4.7373,0.984719,6.39008
1 mm,7.5,14.5,91.8681,5.08172,0.984719,6.39008
1 mm,7.5,15.0,88.8058,5.43822,0.984719,6.39008
1 mm,8.0,2.0,666.044,0.0849722,0.984719,6.39008
1 mm,8.0,2.5,532.835,0.132769,0.984719,6.39008
1 mm,8.0,3.0,444.029,0.191188,0.984719,6.39008
1 mm,8.0,3.5,380.596,0.260228,0.984719,6.39008
1 mm,8.0,4.0,333.022,0.339889,0.984719,6.39008
1 mm,8.0,4.5,296.019,0.430172,0.984719,6.39008
1 mm,8.0,5.0,266.417,0.531077,0.984719,6.39008
1 mm,8.0,5.5,242.198,0.642603,0.984719,6.39008
1 mm,8.0,6.0,222.015,0.76475,0.984719,6.39008
1 mm,8.0,6.5,204.937,0.897519,0.984719,6.39008
1 mm,8.0,7.0,190.298,1.04091,0.984719,6.39008
1 mm,8.0,7.5,177.612,1.19492,0.984719,6.39008
1 mm,8.0,8.0,166.511,1.35956,0.984719,6.39008
1 mm,8.0,8.5,156.716,1.53481,0.984719,6.39008
1 mm,8.0,9.0,148.01,1.72069,0.984719,6.39008
1 mm,8.0,9.5,140.22,1.91719,0.984719,6.39008
1 mm,8.0,10.0,133.209,2.12431,0.984719,6.39008
1 mm,8.0,10.5,126.865,2.34205,0.984719,6.39008
1 mm,8.0,11.0,121.099,2.57041,0.984719,6.39008
1 mm,8.0,11.5,115.834,2.80939,0.984719,6.39008
1 mm,8.0,12.0,111.007,3.059,0.984719,6.39008
1 mm,8.0,12.5,106.567,3.31923,0.984719,6.39008
1 mm,8.0,13.0,102.468,3.59008,0.984719,6.39008
1 mm,8.0,13.5,98.6731,3.87155,0.984719,6.39008
1 mm,8.0,14.0,95.1491,4.16364,0.984719,6.39008
1 mm,8.0,14.5,91.8681,4.46635,0.984719,6.39008
1 mm,8.0,15.0,88.8058,4.77969,0.984719,6.39008
1 mm,8.5,2.0,666.044,0.0752695,0.984719,6.39008
1 mm,8.5,2.5,532.835,0.117609,0.984719,6.39008
1 mm,8.5,3.0,444.029,0.169356,0.984719,6.39008
1 mm,8.5,3.5,380.596,0.230513,0.984719,6.39008
1 mm,8.5,4.0,333.022,0.301078,0.984719,6.39008
1 mm,8.5,4.5,296.019,0.381052,0.984719,6.39008
1 mm,8.5,5.0,266.417,0.470435,0.984719,6.39008
1 mm,8.5,5.5,242.198,0.569226,0.984719,6.39008
1 mm,8.5,6.0,222.015,0.677426,0.984719,6.39008
1 mm,8.5,6.5,204.937,0.795034,0.984719,6.39008
1 mm,8.5,7.0,190.298,0.922052,0.984719,6.39008
1 mm,8.5,7.5,177.612,1.05848,0.984719,6.39008
1 mm,8.5,8.0,166.511,1.20431,0.984719,6.39008
1 mm,8.5,8.5,156.716,1.35956,0.984719,6.39008
1 mm,8.5,9.0,148.01,1.52421,0.984719,6.39008
1 mm,8.5,9.5,140.22,1.69827,0.984719,6.39008
1 mm,8.5,10.0,133.209,1.88174,0.984719,6.39008
1 mm,8.5,10.5,126.865,2.07462,0.984719,6.39008
1 mm,8.5,11.0,121.099,2.2769,0.984719,6.39008
1 mm,8.5,11.5,115.834,2.4886,0.984719,6.39008
1 mm,8.5,12.0,111.007,2.7097,0.984719,6.39008
1 mm,8.5,12.5,106.567,2.94022,0.984719,6.39008
1 mm,8.5,13.0,102.468,3.18014,0.984719,6.39008
1 mm,8.5,13.5,98.6731,3.42947,0.984719,6.39008
1 mm,8.5,14.0,95.1491,3.68821,0.984719,6.39008
1 mm,8.5,14.5,91.8681,3.95635,0.984719,6.39008
1 mm,8.5,15.0,88.8058,4.23391,0.984719,6.39008
1 mm,9.0,2.0,666.044,0.0671386,0.984719,6.39008
1 mm,9.0,2.5,532.835,0.104904,0.984719,6.39008
1 mm,9.0,3.0,444.029,0.151062,0.984719,6.39008
1 mm,9.0,3.5,380.596,0.205612,0.984719,6.39008
1 mm,9.0,4.0,333.022,0.268554,0.984719,6.39008
1 mm,9.0,4.5,296.019,0.339889,0.984719,6.39008
1 mm,9.0,5.0,266.417,0.419616,0.984719,6.39008
1 mm,9.0,5.5,242.198,0.507735,0.984719,6.39008
1 mm,9.0,6.0,222.015,0.604247,0.984719,6.39008
1 mm,9.0,6.5,204.937,0.709151,0.984719,6.39008
1 mm,9.0,7.0,190.298,0.822447,0.984719,6.39008
1 mm,9.0,7.5,177.612,0.944136,0.984719,6.39008
1 mm,9.0,8.0,166.511,1.07422,0.984719,6.39008
1 mm,9.0,8.5,156.716,1.21269,0.984719,6.39008
1 mm,9.0,9.0,148.01,1.35956,0.984719,6.39008
1 mm,9.0,9.5,140.22,1.51481,0.984719,6.39008
1 mm,9.0,10.0,133.209,1.67846,0.984719,6.39008
1 mm,9.0,10.5,126.865,1.85051,0.984719,6.39008
1 mm,9.0,11.0,121.099,2.03094,0.984719,6.39008
1 mm,9.0,11.5,115.834,2.21977,0.984719,6.39008
1 mm,9.0,12.0,111.007,2.41699,0.984719,6.39008
1 mm,9.0,12.5,106.567,2.6226,0.984719,6.39008
1 mm,9.0,13.0,102.468,2.8366,0.984719,6.39008
1 mm,9.0,13.5,98.6731,3.059,0.984719,6.39008
1 mm,9.0,14.0,95.1491,3.28979,0.984719,6.39008
1 mm,9.0,14.5,91.8681,3.52897,0.984719,6.39008
1 mm,9.0,15.0,88.8058,3.77654,0.984719,6.39008
1 mm,9.5,2.0,666.044,0.0602573,0.984719,6.39008
1 mm,9.5,2.5,532.835,0.0941521,0.984719,6.39008
1 mm,9.5,3.0,444.029,0.135579,0.984719,6.39008
1 mm,9.5,3.5,380.596,0.184538,0.984719,6.39008
1 mm,9.5,4.0,333.022,0.241029,0.984719,6.39008
1 mm,9.5,4.5,296.019,0.305053,0.984719,6.39008
1 mm,9.5,5.0,266.417,0.376608,0.984719,6.39008
1 mm,9.5,5.5,242.198,0.455696,0.984719,6.39008
1 mm,9.5,6.0,222.015,0.542316,0.984719,6.39008
1 mm,9.5,6.5,204.937,0.636468,0.984719,6.39008
1 mm,9.5,7.0,190.298,0.738152,0.984719,6.39008
1 mm,9.5,7.5,177.612,0.847369,0.984719,6.39008
1 mm,9.5,8.0,166.511,0.964117,0.984719,6.39008
1 mm,9.5,8.5,156.716,1.0884,0.984719,6.39008
1 mm,9.5,9.0,148.01,1.22021,0.984719,6.39008
1 mm,9.5,9.5,140.22,1.35956,0.984719,6.39008
1 mm,9.5,10.0,133.209,1.50643,0.984719,6.39008
1 mm,9.5,10.5,126.865,1.66084,0.984719,6.39008
1 mm,9.5,11.0,121.099,1.82278,0.984719,6.39008
1 mm,9.5,11.5,115.834,1.99226,0.984719,6.39008
1 mm,9.5,12.0,111.007,2.16926,0.984719,6.39008
1 mm,9.5,12.5,106.567,2.3538,0.984719,6.39008
1 mm,9.5,13.0,102.468,2.54587,0.984719,6.39008
1 mm,9.5,13.5,98.6731,2.74547,0.984719,6.39008
1 mm,9.5,14.0,95.1491,2.95261,0.984719,6.39008
1 mm,9.5,14.5,91.8681,3.16728,0.984719,6.39008
1 mm,9.5,15.0,88.8058,3.38947,0.984719,6.39008
1 mm,10.0,2.0,666.044,0.0543822,0.984719,6.39008
1 mm,10.0,2.5,532.835,0.0849722,0.984719,6.39008
1 mm,10.0,3.0,444.029,0.12236,0.984719,6.39008
1 mm,10.0,3.5,380.596,0.166546,0.984719,6.39008
1 mm,10.0,4.0,333.022,0.217529,0.984719,6.39008
1 mm,10.0,4.5,296.019,0.27531,0.984719,6.39008
1 mm,10.0,5.0,266.417,0.339889,0.984719,6.39008
1 mm,10.0,5.5,242.198,0.411266,0.984719,6.39008
1 mm,10.0,6.0,222.015,0.48944,0.984719,6.39008
1 mm,10.0,6.5,204.937,0.574412,0.984719,6.39008
1 mm,10.0,7.0,190.298,0.666182,0.984719,6.39008
1 mm,10.0,7.5,177.612,0.76475,0.984719,6.39008
1 mm,10.0,8.0,166.511,0.870116,0.984719,6.39008
1 mm,10.0,8.5,156.716,0.982279,0.984719,6.39008
1 mm,10.0,9.0,148.01,1.10124,0.984719,6.39008
1 mm,10.0,9.5,140.22,1.227,0.984719,6.39008
1 mm,10.0,10.0,133.209,1.35956,0.984719,6.39008
1 mm,10.0,10.5,126.865,1.49891,0.984719,6.39008
1 mm,10.0,11.0,121.099,1.64506,0.984719,6.39008
1 mm,10.0,11.5,115.834,1.79801,0.984719,6.39008
1 mm,10.0,12.0,111.007,1.95776,0.984719,6.39008
1 mm,10.0,12.5,106.567,2.12431,0.984719,6.39008
1 mm,10.0,13.0,102.468,2.29765,0.984719,6.39008
1 mm,10.0,13.5,98.6731,2.47779,0.984719,6.39008
1 mm,10.0,14.0,95.1491,2.66473,0.984719,6.39008
1 mm,10.0,14.5,91.8681,2.85847,0.984719,6.39008
1 mm,10.0,15.0,88.8058,3.059,0.984719,6.39008
1 mm,10.5,2.0,666.044,0.0493263,0.984719,6.39008
1 mm,10.5,2.5,532.835,0.0770723,0.984719,6.39008
1 mm,10.5,3.0,444.029,0.110984,0.984719,6.39008
1 mm,10.5,3.5,380.596,0.151062,0.984719,6.39008
1 mm,10.5,4.0,333.022,0.197305,0.984719,6.39008
1 mm,10.5,4.5,296.019,0.249714,0.984719,6.39008
1 mm,10.5,5.0,266.417,0.308289,0.984719,6.39008
1 mm,10.5,5.5,242.198,0.37303,0.984719,6.39008
1 mm,10.5,6.0,222.015,0.443937,0.984719,6.39008
1 mm,10.5,6.5,204.937,0.521009,0.984719,6.39008
1 mm,10.5,7.0,190.298,0.604247,0.984719,6.39008
1 mm,10.5,7.5,177.612,0.693651,0.984719,6.39008
1 mm,10.5,8.0,166.511,0.789221,0.984719,6.39008
1 mm,10.5,8.5,156.716,0.890956,0.984719,6.39008
1 mm,10.5,9.0,148.01,0.998857,0.984719,6.39008
1 mm,10.5,9.5,140.22,1.11292,0.984719,6.39008
1 mm,10.5,10.0,133.209,1.23316,0.984719,6.39008
1 mm,10.5,10.5,126.865,1.35956,0.984719,6.39008
1 mm,10.5,11.0,121.099,1.49212,0.984719,6.39008
1 mm,10.5,11.5,115.834,1.63085,0.984719,6.39008
1 mm,10.5,12.0,111.007,1.77575,0.984719,6.39008
1 mm,10.5,12.5,106.567,1.92681,0.984719,6.39008
1 mm,10.5,13.0,102.468,2.08404,0.984719,6.39008
1 mm,10.5,13.5,98.6731,2.24743,0.984719,6.39008
1 mm,10.5,14.0,95.1491,2.41699,0.984719,6.39008
1 mm,10.5,14.5,91.8681,2.59271,0.984719,6.39008
1 mm,10.5,15.0,88.8058,2.7746,0.984719,6.39008
1 mm,11.0,2.0,666.044,0.044944,0.984719,6.39008
1 mm,11.0,2.5,532.835,0.070225,0.984719,6.39008
1 mm,11.0,3.0,444.029,0.101124,0.984719,6.39008
1 mm,11.0,3.5,380.596,0.137641,0.984719,6.39008
1 mm,11.0,4.0,333.022,0.179776,0.984719,6.39008
1 mm,11.0,4.5,296.019,0.227529,0.984719,6.39008
1 mm,11.0,5.0,266.417,0.2809,0.984719,6.39008
1 mm,11.0,5.5,242.198,0.339889,0.984719,6.39008
1 mm,11.0,6.0,222.015,0.404496,0.984719,6.39008
1 mm,11.0,6.5,204.937,0.474721,0.984719,6.39008
1 mm,11.0,7.0,190.298,0.550564,0.984719,6.39008
1 mm,11.0,7.5,177.612,0.632025,0.984719,6.39008
1 mm,11.0,8.0,166.511,0.719104,0.984719,6.39008
1 mm,11.0,8.5,156.716,0.811801,0.984719,6.39008
1 mm,11.0,9.0,148.01,0.910116,0.984719,6.39008
1 mm,11.0,9.5,140.22,1.01405,0.984719,6.39008
1 mm,11.0,10.0,133.209,1.1236,0.984719,6.39008
1 mm,11.0,10.5,126.865,1.23877,0.984719,6.39008
1 mm,11.0,11.0,121.099,1.35956,0.984719,6.39008
1 mm,11.0,11.5,115.834,1.48596,0.984719,6.39008
1 mm,11.0,12.0,111.007,1.61798,0.984719,6.39008
1 mm,11.0,12.5,106.567,1.75562,0.984719,6.39008
1 mm,11.0,13.0,102.468,1.89888,0.984719,6.39008
1 mm,11.0,13.5,98.6731,2.04776,0.984719,6.39008
1 mm,11.0,14.0,95.1491,2.20226,0.984719,6.39008
1 mm,11.0,14.5,91.8681,2.36237,0.984719,6.39008
1 mm,11.0,15.0,88.8058,2.5281,0.984719,6.39008
1 mm,11.5,2.0,666.044,0.0411208,0.984719,6.39008
1 mm,11.5,2.5,532.835,0.0642512,0.984719,6.39008
1 mm,11.5,3.0,444.029,0.0925218,0.984719,6.39008
1 mm,11.5,3.5,380.596,0.125932,0.984719,6.39008
1 mm,11.5,4.0,333.022,0.164483,0.984719,6.39008
1 mm,11.5,4.5,296.019,0.208174,0.984719,6.39008
1 mm,11.5,5.0,266.417,0.257005,0.984719,6.39008
1 mm,11.5,5.5,242.198,0.310976,0.984719,6.39008
1 mm,11.5,6.0,222.015,0.370087,0.984719,6.39008
1 mm,11.5,6.5,204.937,0.434338,0.984719,6.39008
1 mm,11.5,7.0,190.298,0.50373,0.984719,6.39008
1 mm,11.5,7.5,177.612,0.578261,0.984719,6.39008
1 mm,11.5,8.0,166.511,0.657933,0.984719,6.39008
1 mm,11.5,8.5,156.716,0.742744,0.984719,6.39008
1 mm,11.5,9.0,148.01,0.832696,0.984719,6.39008
1 mm,11.5,9.5,140.22,0.927788,0.984719,6.39008
1 mm,11.5,10.0,133.209,1.02802,0.984719,6.39008
1 mm,11.5,10.5,126.865,1.13339,0.984719,6.39008
1 mm,11.5,11.0,121.099,1.2439,0.984719,6.39008
1 mm,11.5,11.5,115.834,1.35956,0.984719,6.39008
1 mm,11.5,12.0,111.007,1.48035,0.984719,6.39008
1 mm,11.5,12.5,106.567,1.60628,0.984719,6.39008
1 mm,11.5,13.0,102.468,1.73735,0.984719,6.39008
1 mm,11.5,13.5,98.6731,1.87357,0.984719,6.39008
1 mm,11.5,14.0,95.1491,2.01492,0.984719,6.39008
1 mm,11.5,14.5,91.8681,2.16141,0.984719,6.39008
1 mm,11.5,15.0,88.8058,2.31304,0.984719,6.39008
1 mm,12.0,2.0,666.044,0.0377654,0.984719,6.39008
1 mm,12.0,2.5,532.835,0.0590085,0.984719,6.39008
1 mm,12.0,3.0,444.029,0.0849722,0.984719,6.39008
1 mm,12.0,3.5,380.596,0.115657,0.984719,6.39008
1 mm,12.0,4.0,333.022,0.151062,0.984719,6.39008
1 mm,12.0,4.5,296.019,0.191188,0.984719,6.39008
1 mm,12.0,5.0,266.417,0.236034,0.984719,6.39008
1 mm,12.0,5.5,242.198,0.285601,0.984719,6.39008
1 mm,12.0,6.0,222.015,0.339889,0.984719,6.39008
1 mm,12.0,6.5,204.937,0.398898,0.984719,6.39008
1 mm,12.0,7.0,190.298,0.462627,0.984719,6.39008
1 mm,12.0,7.5,177.612,0.531077,0.984719,6.39008
1 mm,12.0,8.0,166.511,0.604247,0.984719,6.39008
1 mm,12.0,8.5,156.716,0.682138,0.984719,6.39008
1 mm,12.0,9.0,148.01,0.76475,0.984719,6.39008
1 mm,12.0,9.5,140.22,0.852083,0.984719,6.39008
1 mm,12.0,10.0,133.209,0.944136,0.984719,6.39008
1 mm,12.0,10.5,126.865,1.04091,0.984719,6.39008
1 mm,12.0,11.0,121.099,1.1424,0.984719,6.39008
1 mm,12.0,11.5,115.834,1.24862,0.984719,6.39008
1 mm,12.0,12.0,111.007,1.35956,0.984719,6.39008
1 mm,12.0,12.5,106.567,1.47521,0.984719,6.39008
1 mm,12.0,13.0,102.468,1.59559,0.984719,6.39008
1 mm,12.0,13.5,98.6731,1.72069,0.984719,6.39008
1 mm,12.0,14.0,95.1491,1.85051,0.984719,6.39008
1 mm,12.0,14.5,91.8681,1.98505,0.984719,6.39008
1 mm,12.0,15.0,88.8058,2.12431,0.984719,6.39008
1 mm,12.5,2.0,666.044,0.0348046,0.984719,6.39008
1 mm,12.5,2.5,532.835,0.0543822,0.984719,6.39008
1 mm,12.5,3.0,444.029,0.0783104,0.984719,6.39008
1 mm,12.5,3.5,380.596,0.106589,0.984719,6.39008
1 mm,12.5,4.0,333.022,0.139219,0.984719,6.39008
1 mm,12.5,4.5,296.019,0.176198,0.984719,6.39008
1 mm,12.5,5.0,266.417,0.217529,0.984719,6.39008
1 mm,12.5,5.5,242.198,0.26321,0.984719,6.39008
1 mm,12.5,6.0,222.015,0.313242,0.984719,6.39008
1 mm,12.5,6.5,204.937,0.367624,0.984719,6.39008
1 mm,12.5,7.0,190.298,0.426357,0.984719,6.39008
1 mm,12.5,7.5,177.612,0.48944,0.984719,6.39008
1 mm,12.5,8.0,166.511,0.556874,0.984719,6.39008
1 mm,12.5,8.5,156.716,0.628659,0.984719,6.39008
1 mm,12.5,9.0,148.01,0.704794,0.984719,6.39008
1 mm,12.5,9.5,140.22,0.78528,0.984719,6.39008
1 mm,12.5,10.0,133.209,0.870116,0.984719,6.39008
1 mm,12.5,10.5,126.865,0.959303,0.984719,6.39008
1 mm,12.5,11.0,121.099,1.05284,0.984719,6.39008
1 mm,12.5,11.5,115.834,1.15073,0.984719,6.39008
1 mm,12.5,12.0,111.007,1.25297,0.984719,6.39008
1 mm,12.5,12.5,106.567,1.35956,0.984719,6.39008
1 mm,12.5,13.0,102.468,1.4705,0.984719,6.39008
1 mm,12.5,13.5,98.6731,1.58579,0.984719,6.39008
1 mm,12.5,14.0,95.1491,1.70543,0.984719,6.39008
1 mm,12.5,14.5,91.8681,1.82942,0.984719,6.39008
1 mm,12.5,15.0,88.8058,1.95776,0.984719,6.39008
1 mm,13.0,2.0,666.044,0.0321788,0.984719,6.39008
1 mm,13.0,2.5,532.835,0.0502794,0.984719,6.39008
1 mm,13.0,3.0,444.029,0.0724024,0.984719,6.39008
1 mm,13.0,3.5,380.596,0.0985477,0.984719,6.39008
1 mm,13.0,4.0,333.022,0.128715,0.984719,6.39008
1 mm,13.0,4.5,296.019,0.162905,0.984719,6.39008
1 mm,13.0,5.0,266.417,0.201118,0.984719,6.39008
1 mm,13.0,5.5,242.198,0.243352,0.984719,6.39008
1 mm,13.0,6.0,222.015,0.28961,0.984719,6.39008
1 mm,13.0,6.5,204.937,0.339889,0.984719,6.39008
1 mm,13.0,7.0,190.298,0.394191,0.984719,6.39008
1 mm,13.0,7.5,177.612,0.452515,0.984719,6.39008
1 mm,13.0,8.0,166.511,0.514861,0.984719,6.39008
1 mm,13.0,8.5,156.716,0.58123,0.984719,6.39008
1 mm,13.0,9.0,148.01,0.651622,0.984719,6.39008
1 mm,13.0,9.5,140.22,0.726035,0.984719,6.39008
1 mm,13.0,10.0,133.209,0.804471,0.984719,6.39008
1 mm,13.0,10.5,126.865,0.886929,0.984719,6.39008
1 mm,13.0,11.0,121.099,0.97341,0.984719,6.39008
1 mm,13.0,11.5,115.834,1.06391,0.984719,6.39008
1 mm,13.0,12.0,111.007,1.15844,0.984719,6.39008
1 mm,13.0,12.5,106.567,1.25699,0.984719,6.39008
1 mm,13.0,13.0,102.468,1.35956,0.984719,6.39008
1 mm,13.0,13.5,98.6731,1.46615,0.984719,6.39008
1 mm,13.0,14.0,95.1491,1.57676,0.984719,6.39008
1 mm,13.0,14.5,91.8681,1.6914,0.984719,6.39008
1 mm,13.0,15.0,88.8058,1.81006,0.984719,6.39008
1 mm,13.5,2.0,666.044,0.0298394,0.984719,6.39008
1 mm,13.5,2.5,532.835,0.046624,0.984719,6.39008
1 mm,13.5,3.0,444.029,0.0671386,0.984719,6.39008
1 mm,13.5,3.5,380.596,0.091383,0.984719,6.39008
1 mm,13.5,4.0,333.022,0.119357,0.984719,6.39008
1 mm,13.5,4.5,296.019,0.151062,0.984719,6.39008
1 mm,13.5,5.0,266.417,0.186496,0.984719,6.39008
1 mm,13.5,5.5,242.198,0.22566,0.984719,6.39008
1 mm,13.5,6.0,222.015,0.268554,0.984719,6.39008
1 mm,13.5,6.5,204.937,0.315178,0.984719,6.39008
1 mm,13.5,7.0,190.298,0.365532,0.984719,6.39008
1 mm,13.5,7.5,177.612,0.419616,0.984719,6.39008
1 mm,13.5,8.0,166.511,0.47743,0.984719,6.39008
1 mm,13.5,8.5,156.716,0.538973,0.984719,6.39008
1 mm,13.5,9.0,148.01,0.604247,0.984719,6.39008
1 mm,13.5,9.5,140.22,0.673251,0.984719,6.39008
1 mm,13.5,10.0,133.209,0.745984,0.984719,6.39008
1 mm,13.5,10.5,126.865,0.822447,0.984719,6.39008
1 mm,13.5,11.0,121.099,0.902641,0.984719,6.39008
1 mm,13.5,11.5,115.834,0.986564,0.984719,6.39008
1 mm,13.5,12.0,111.007,1.07422,0.984719,6.39008
1 mm,13.5,12.5,106.567,1.1656,0.984719,6.39008
1 mm,13.5,13.0,102.468,1.26071,0.984719,6.39008
1 mm,13.5,13.5,98.6731,1.35956,0.984719,6.39008
1 mm,13.5,14.0,95.1491,1.46213,0.984719,6.39008
1 mm,13.5,14.5,91.8681,1.56843,0.984719,6.39008
1 mm,13.5,15.0,88.8058,1.67846,0.984719,6.39008
1 mm,14.0,2.0,666.044,0.027746,0.984719,6.39008
1 mm,14.0,2.5,532.835,0.0433532,0.984719,6.39008
1 mm,14.0,3.0,444.029,0.0624286,0.984719,6.39008
1 mm,14.0,3.5,380.596,0.0849722,0.984719,6.39008
1 mm,14.0,4.0,333.022,0.110984,0.984719,6.39008
1 mm,14.0,4.5,296.019,0.140464,0.984719,6.39008
1 mm,14.0,5.0,266.417,0.173413,0.984719,6.39008
1 mm,14.0,5.5,242.198,0.209829,0.984719,6.39008
1 mm,14.0,6.0,222.015,0.249714,0.984719,6.39008
1 mm,14.0,6.5,204.937,0.293068,0.984719,6.39008
1 mm,14.0,7.0,190.298,0.339889,0.984719,6.39008
1 mm,14.0,7.5,177.612,0.390179,0.984719,6.39008
1 mm,14.0,8.0,166.511,0.443937,0.984719,6.39008
1 mm,14.0,8.5,156.716,0.501163,0.984719,6.39008
1 mm,14.0,9.0,148.01,0.561857,0.984719,6.39008
1 mm,14.0,9.5,140.22,0.62602,0.984719,6.39008
1 mm,14.0,10.0,133.209,0.693651,0.984719,6.39008
1 mm,14.0,10.5,126.865,0.76475,0.984719,6.39008
1 mm,14.0,11.0,121.099,0.839318,0.984719,6.39008
1 mm,14.0,11.5,115.834,0.917353,0.984719,6.39008
1 mm,14.0,12.0,111.007,0.998857,0.984719,6.39008
1 mm,14.0,12.5,106.567,1.08383,0.984719,6.39008
1 mm,14.0,13.0,102.468,1.17227,0.984719,6.39008
1 mm,14.0,13.5,98.6731,1.26418,0.984719,6.39008
1 mm,14.0,14.0,95.1491,1.35956,0.984719,6.39008
1 mm,14.0,14.5,91.8681,1.4584,0.984719,6.39008
1 mm,14.0,15.0,88.8058,1.56071,0.984719,6.39008
1 mm,14.5,2.0,666.044,0.0258655,0.984719,6.39008
1 mm,14.5,2.5,532.835,0.0404149,0.984719,6.39008
1 mm,14.5,3.0,444.029,0.0581974,0.984719,6.39008
1 mm,14.5,3.5,380.596,0.0792131,0.984719,6.39008
1 mm,14.5,4.0,333.022,0.103462,0.984719,6.39008
1 mm,14.5,4.5,296.019,0.130944,0.984719,6.39008
1 mm,14.5,5.0,266.417,0.161659,0.984719,6.39008
1 mm,14.5,5.5,242.198,0.195608,0.984719,6.39008
1 mm,14.5,6.0,222.015,0.23279,0.984719,6.39008
1 mm,14.5,6.5,204.937,0.273204,0.984719,6.39008
1 mm,14.5,7.0,190.298,0.316853,0.984719,6.39008
1 mm,14.5,7.5,177.612,0.363734,0.984719,6.39008
1 mm,14.5,8.0,166.511,0.413848,0.984719,6.39008
1 mm,14.5,8.5,156.716,0.467196,0.984719,6.39008
1 mm,14.5,9.0,148.01,0.523777,0.984719,6.39008
1 mm,14.5,9.5,140.22,0.583591,0.984719,6.39008
1 mm,14.5,10.0,133.209,0.646638,0.984719,6.39008
1 mm,14.5,10.5,126.865,0.712918,0.984719,6.39008
1 mm,14.5,11.0,121.099,0.782432,0.984719,6.39008
1 mm,14.5,11.5,115.834,0.855178,0.984719,6.39008
1 mm,14.5,12.0,111.007,0.931158,0.984719,6.39008
1 mm,14.5,12.5,106.567,1.01037,0.984719,6.39008
1 mm,14.5,13.0,102.468,1.09282,0.984719,6.39008
1 mm,14.5,13.5,98.6731,1.1785,0.984719,6.39008
1 mm,14.5,14.0,95.1491,1.26741,0.984719,6.39008
1 mm,14.5,14.5,91.8681,1.35956,0.984719,6.39008
1 mm,14.5,15.0,88.8058,1.45494,0.984719,6.39008
1 mm,15.0,2.0,666.044,0.0241699,0.984719,6.39008
1 mm,15.0,2.5,532.835,0.0377654,0.984719,6.39008
1 mm,15.0,3.0,444.029,0.0543822,0.984719,6.39008
1 mm,15.0,3.5,380.596,0.0740203,0.984719,6.39008
1 mm,15.0,4.0,333.022,0.0966795,0.984719,6.39008
1 mm,15.0,4.5,296.019,0.12236,0.984719,6.39008
1 mm,15.0,5.0,266.417,0.151062,0.984719,6.39008
1 mm,15.0,5.5,242.198,0.182785,0.984719,6.39008
1 mm,15.0,6.0,222.015,0.217529,0.984719,6.39008
1 mm,15.0,6.5,204.937,0.255294,0.984719,6.39008
1 mm,15.0,7.0,190.298,0.296081,0.984719,6.39008
1 mm,15.0,7.5,177.612,0.339889,0.984719,6.39008
1 mm,15.0,8.0,166.511,0.386718,0.984719,6.39008
1 mm,15.0,8.5,156.716,0.436569,0.984719,6.39008
1 mm,15.0,9.0,148.01,0.48944,0.984719,6.39008
1 mm,15.0,9.5,140.22,0.545333,0.984719,6.39008
1 mm,15.0,10.0,133.209,0.604247,0.984719,6.39008
1 mm,15.0,10.5,126.865,0.666182,0.984719,6.39008
1 mm,15.0,11.0,121.099,0.731139,0.984719,6.39008
1 mm,15.0,11.5,115.834,0.799117,0.984719,6.39008
1 mm,15.0,12.0,111.007,0.870116,0.984719,6.39008
1 mm,15.0,12.5,106.567,0.944136,0.984719,6.39008
1 mm,15.0,13.0,102.468,1.02118,0.984719,6.39008
1 mm,15.0,13.5,98.6731,1.10124,0.984719,6.39008
1 mm,15.0,14.0,95.1491,1.18432,0.984719,6.39008
1 mm,15.0,14.5,91.8681,1.27043,0.984719,6.39008
1 mm,15.0,15.0,88.8058,1.35956,0.984719,6.39008
